--
-- PostgreSQL database dump
--

-- Dumped from database version 10.5
-- Dumped by pg_dump version 10.5

SET statement_timeout = 0;
SET lock_timeout = 0;
SET idle_in_transaction_session_timeout = 0;
SET client_encoding = 'UTF8';
SET standard_conforming_strings = on;
SELECT pg_catalog.set_config('search_path', '', false);
SET check_function_bodies = false;
SET client_min_messages = warning;
SET row_security = off;

SET default_tablespace = '';

SET default_with_oids = false;

--
-- Name: joc; Type: TABLE; Schema: testdb; Owner: postgres
--

CREATE TABLE testdb.joc (
    id_joc bigint NOT NULL,
    titol character varying(30)
);


ALTER TABLE testdb.joc OWNER TO postgres;

--
-- Name: joc_joc_id_seq; Type: SEQUENCE; Schema: testdb; Owner: postgres
--

CREATE SEQUENCE testdb.joc_joc_id_seq
    START WITH 1
    INCREMENT BY 1
    NO MINVALUE
    NO MAXVALUE
    CACHE 1;


ALTER TABLE testdb.joc_joc_id_seq OWNER TO postgres;

--
-- Name: joc_joc_id_seq; Type: SEQUENCE OWNED BY; Schema: testdb; Owner: postgres
--

ALTER SEQUENCE testdb.joc_joc_id_seq OWNED BY testdb.joc.id_joc;


--
-- Name: jugador; Type: TABLE; Schema: testdb; Owner: postgres
--

CREATE TABLE testdb.jugador (
    id_jugador bigint NOT NULL,
    nickname character varying(30)
);


ALTER TABLE testdb.jugador OWNER TO postgres;

--
-- Name: jugador_id_jugador_seq; Type: SEQUENCE; Schema: testdb; Owner: postgres
--

CREATE SEQUENCE testdb.jugador_id_jugador_seq
    START WITH 1
    INCREMENT BY 1
    NO MINVALUE
    NO MAXVALUE
    CACHE 1;


ALTER TABLE testdb.jugador_id_jugador_seq OWNER TO postgres;

--
-- Name: jugador_id_jugador_seq; Type: SEQUENCE OWNED BY; Schema: testdb; Owner: postgres
--

ALTER SEQUENCE testdb.jugador_id_jugador_seq OWNED BY testdb.jugador.id_jugador;


--
-- Name: puntuacio; Type: TABLE; Schema: testdb; Owner: postgres
--

CREATE TABLE testdb.puntuacio (
    puntuacio_id bigint NOT NULL,
    jugador_id bigint NOT NULL,
    joc_id bigint NOT NULL,
    punts bigint NOT NULL,
    data date NOT NULL
);


ALTER TABLE testdb.puntuacio OWNER TO postgres;

--
-- Name: puntuacio_puntuacio_id_seq; Type: SEQUENCE; Schema: testdb; Owner: postgres
--

CREATE SEQUENCE testdb.puntuacio_puntuacio_id_seq
    START WITH 1
    INCREMENT BY 1
    NO MINVALUE
    NO MAXVALUE
    CACHE 1;


ALTER TABLE testdb.puntuacio_puntuacio_id_seq OWNER TO postgres;

--
-- Name: puntuacio_puntuacio_id_seq; Type: SEQUENCE OWNED BY; Schema: testdb; Owner: postgres
--

ALTER SEQUENCE testdb.puntuacio_puntuacio_id_seq OWNED BY testdb.puntuacio.puntuacio_id;


--
-- Name: joc id_joc; Type: DEFAULT; Schema: testdb; Owner: postgres
--

ALTER TABLE ONLY testdb.joc ALTER COLUMN id_joc SET DEFAULT nextval('testdb.joc_joc_id_seq'::regclass);


--
-- Name: jugador id_jugador; Type: DEFAULT; Schema: testdb; Owner: postgres
--

ALTER TABLE ONLY testdb.jugador ALTER COLUMN id_jugador SET DEFAULT nextval('testdb.jugador_id_jugador_seq'::regclass);


--
-- Name: puntuacio puntuacio_id; Type: DEFAULT; Schema: testdb; Owner: postgres
--

ALTER TABLE ONLY testdb.puntuacio ALTER COLUMN puntuacio_id SET DEFAULT nextval('testdb.puntuacio_puntuacio_id_seq'::regclass);


--
-- Data for Name: joc; Type: TABLE DATA; Schema: testdb; Owner: postgres
--

COPY testdb.joc (id_joc, titol) FROM stdin;
1	Pong
2	Space Invaders
3	Pacman
4	Donkey Kong
5	Tetris
6	Super Mario Bros.
7	Doom
8	Legend of Zelda
\.


--
-- Data for Name: jugador; Type: TABLE DATA; Schema: testdb; Owner: postgres
--

COPY testdb.jugador (id_jugador, nickname) FROM stdin;
1	sergio
2	juanjose
3	wallington
4	joseluis
5	taoufik
6	mohamed
7	cristian
8	javier
9	victor
10	david
11	ismael
12	alejandro
13	samuel
14	juan
15	carlos
16	eric
17	adrian
18	daniel
19	vladyslav
20	anton
21	ian
\.


--
-- Data for Name: puntuacio; Type: TABLE DATA; Schema: testdb; Owner: postgres
--

COPY testdb.puntuacio (puntuacio_id, jugador_id, joc_id, punts, data) FROM stdin;
1	11	2	73788	2017-08-24
2	13	7	16901	2017-01-04
3	11	3	98980	2016-06-06
4	5	2	44292	2015-11-24
5	5	8	83443	2016-03-16
6	9	8	36501	2016-04-15
7	21	6	54548	2015-06-14
8	5	4	90708	2015-03-27
9	12	3	35781	2016-05-21
10	20	3	60674	2015-09-10
11	7	2	43606	2016-12-07
12	16	8	10558	2015-09-06
13	7	2	71113	2016-02-17
14	6	1	98428	2017-06-29
15	20	4	33779	2016-02-24
16	2	7	13234	2016-11-25
17	18	5	55609	2015-09-02
18	19	1	42822	2016-10-28
19	19	6	20916	2017-02-20
20	13	7	37489	2016-10-24
21	11	8	31549	2016-12-13
22	13	1	25198	2015-08-12
23	9	4	67632	2015-11-16
24	5	1	37354	2016-03-30
25	14	2	27693	2016-11-26
26	10	7	26229	2015-01-21
27	14	2	72594	2017-11-05
28	9	1	54416	2016-05-08
29	16	5	60690	2015-08-05
30	14	3	97949	2015-06-09
31	7	5	54208	2017-08-30
32	14	4	96898	2015-09-23
33	5	5	66532	2016-04-09
34	11	8	63509	2015-02-24
35	21	3	75092	2017-05-09
36	14	3	67072	2016-05-12
37	4	2	30220	2016-09-15
38	4	6	70558	2017-09-12
39	19	8	79030	2017-03-08
40	18	8	98892	2017-10-17
41	14	5	18242	2016-02-15
42	8	6	65032	2015-07-01
43	1	1	49551	2015-01-31
44	21	7	47541	2015-11-24
45	5	2	43727	2017-02-17
46	2	8	65781	2016-05-12
47	13	8	58262	2017-11-13
48	15	1	13821	2015-05-18
49	1	2	17867	2016-05-14
50	5	6	10404	2017-02-02
51	14	5	10118	2016-03-04
52	16	4	22979	2016-09-02
53	5	1	50496	2015-10-28
54	1	7	15621	2015-04-18
55	10	6	33941	2016-07-11
56	21	6	25688	2017-01-12
57	2	7	11332	2015-08-10
58	16	2	75067	2017-01-28
59	6	1	28845	2016-04-26
60	17	3	26941	2017-03-17
61	11	7	71201	2015-06-04
62	5	2	35172	2015-07-15
63	6	1	57638	2017-01-27
64	7	4	68995	2015-05-07
65	5	5	13984	2017-12-20
66	14	5	14001	2017-10-06
67	18	7	50744	2015-12-19
68	17	7	36649	2017-09-26
69	11	5	23817	2017-08-26
70	1	5	54324	2017-04-26
71	7	8	63309	2015-01-25
72	7	1	49168	2016-11-16
73	2	4	61204	2017-09-08
74	11	4	61500	2015-02-26
75	20	8	80012	2016-10-23
76	8	6	55561	2016-03-01
77	20	1	59785	2017-04-06
78	11	1	92826	2015-09-12
79	4	2	35870	2015-05-22
80	5	7	54500	2016-10-02
81	11	8	40066	2016-05-15
82	1	8	58846	2015-12-26
83	9	1	39116	2017-03-25
84	13	5	73906	2015-06-26
85	18	5	30279	2017-07-20
86	4	6	64281	2016-04-02
87	13	5	92734	2016-05-09
88	2	7	81539	2017-06-24
89	17	4	42128	2015-08-18
90	21	2	66316	2015-04-09
91	18	6	18109	2016-04-30
92	5	5	44263	2016-08-08
93	7	1	54614	2016-10-02
94	20	8	10663	2015-05-27
95	10	2	69056	2016-05-03
96	1	3	47392	2016-01-18
97	14	5	38209	2016-07-01
98	15	6	19434	2015-09-12
99	9	8	43281	2015-01-15
100	5	6	96174	2017-08-08
101	3	1	38746	2016-08-27
102	17	2	20358	2017-06-04
103	12	6	38776	2017-06-29
104	5	4	87377	2017-03-28
105	15	3	36186	2016-10-28
106	6	8	34140	2015-07-09
107	14	3	61326	2017-01-29
108	21	1	77561	2017-10-02
109	18	8	83096	2015-05-29
110	4	3	30379	2016-11-01
111	17	4	50315	2017-12-22
112	5	2	14040	2016-12-05
113	11	1	74301	2015-10-08
114	6	2	77029	2015-12-16
115	20	4	80263	2017-04-14
116	8	3	55181	2015-04-08
117	20	3	21523	2015-07-24
118	11	2	95626	2016-05-29
119	19	7	64284	2016-03-25
120	1	6	19770	2016-04-07
121	13	8	48432	2016-08-14
122	13	5	79098	2016-10-11
123	11	1	94929	2015-11-20
124	17	5	97422	2017-07-07
125	15	8	86799	2017-05-05
126	20	4	67975	2017-03-14
127	10	8	90575	2015-07-10
128	5	7	90778	2016-10-09
129	5	7	56759	2017-06-03
130	9	8	12799	2015-05-22
131	7	4	40046	2016-01-28
132	17	5	31407	2015-08-22
133	11	7	89936	2015-10-11
134	21	2	30405	2016-12-20
135	3	7	63688	2017-10-20
136	8	4	60078	2015-05-25
137	2	2	76500	2017-07-19
138	20	5	97064	2015-05-31
139	15	7	87989	2017-07-20
140	11	6	97174	2015-11-29
141	16	8	35195	2017-05-15
142	3	4	96489	2017-07-10
143	14	5	52972	2015-06-27
144	2	5	50072	2017-10-24
145	9	4	74413	2016-05-25
146	15	8	78345	2016-06-26
147	19	8	15879	2016-05-03
148	14	7	90613	2016-07-27
149	13	4	78003	2017-05-14
150	14	6	26807	2016-06-25
151	10	7	37454	2016-04-16
152	17	7	68605	2017-08-24
153	21	1	60293	2015-10-12
154	7	5	16101	2017-11-01
155	19	5	22793	2015-04-20
156	18	7	27137	2016-09-06
157	1	8	60316	2016-03-10
158	5	4	16003	2017-12-31
159	7	1	53698	2017-12-06
160	21	4	92049	2015-12-07
161	7	5	15185	2017-12-31
162	5	6	92417	2015-09-29
163	7	3	12784	2016-11-14
164	18	6	14109	2016-10-23
165	9	6	54427	2017-10-08
166	4	6	31488	2017-03-06
167	8	5	43789	2015-03-16
168	20	1	39831	2015-11-18
169	21	1	70707	2015-09-18
170	4	2	61473	2015-03-14
171	10	1	18815	2017-10-30
172	2	4	36703	2015-01-30
173	5	8	65971	2017-06-16
174	13	8	13604	2015-03-04
175	20	4	76337	2017-08-17
176	14	3	76133	2015-11-10
177	1	5	29441	2016-06-03
178	2	3	95977	2015-08-22
179	3	6	95227	2016-08-16
180	9	4	84409	2015-09-09
181	21	2	12680	2016-10-08
182	14	4	73777	2015-04-01
183	17	2	23028	2017-10-21
184	14	6	63965	2016-12-21
185	9	7	75615	2017-06-02
186	20	1	70620	2015-12-26
187	10	6	33943	2015-10-08
188	18	2	61792	2017-06-24
189	16	8	19630	2016-09-15
190	2	8	44268	2015-12-08
191	16	4	58186	2015-08-22
192	17	8	71700	2017-08-05
193	13	8	23199	2017-10-02
194	5	2	95327	2017-05-26
195	10	8	98263	2015-10-02
196	15	4	85432	2017-12-20
197	8	2	31994	2017-04-19
198	19	7	33896	2016-10-04
199	2	1	48469	2016-05-03
200	6	5	13997	2017-02-11
201	10	1	23239	2017-03-28
202	8	3	69990	2016-01-02
203	6	2	11215	2017-01-08
204	8	4	37812	2016-10-19
205	5	8	53471	2015-09-09
206	13	2	85483	2015-09-19
207	14	2	61003	2015-10-31
208	16	6	29646	2015-04-24
209	2	7	60602	2016-03-10
210	2	7	51701	2015-08-28
211	10	6	74323	2016-07-11
212	6	5	85514	2015-11-28
213	17	7	54801	2016-02-03
214	3	1	16567	2016-05-29
215	10	3	96224	2015-01-27
216	1	3	44617	2016-12-18
217	4	1	48077	2015-07-17
218	21	8	10896	2015-04-28
219	14	4	90936	2016-04-07
220	20	3	43532	2016-02-27
221	9	2	59029	2017-04-26
222	5	3	58065	2016-06-26
223	3	8	77270	2017-10-04
224	20	4	85811	2015-05-29
225	1	5	72594	2016-05-09
226	7	5	32570	2015-11-28
227	13	5	27137	2017-02-09
228	10	3	63903	2016-05-25
229	14	8	31309	2015-07-01
230	7	1	25517	2017-06-18
231	10	3	93283	2017-07-01
232	19	3	43664	2016-12-23
233	18	8	68799	2016-01-04
234	11	8	92760	2016-04-14
235	21	8	14643	2017-12-13
236	3	2	41271	2015-04-07
237	8	4	35472	2015-09-13
238	16	6	58014	2017-07-24
239	5	8	50058	2017-07-02
240	5	2	88020	2016-10-06
241	11	6	82039	2017-07-01
242	10	4	88462	2016-10-26
243	13	5	84800	2015-02-13
244	11	3	15591	2015-09-20
245	10	7	98767	2016-02-07
246	2	2	64441	2015-07-01
247	3	6	82847	2016-05-11
248	3	8	38402	2016-11-23
249	9	5	23295	2016-01-22
250	9	8	13504	2016-01-26
251	18	1	48222	2015-10-15
252	18	5	56244	2017-01-28
253	3	3	86080	2015-01-09
254	20	2	17394	2017-09-04
255	18	1	10167	2015-04-14
256	11	8	63087	2017-06-23
257	17	4	83402	2017-07-10
258	11	2	54337	2017-05-03
259	10	3	70113	2016-09-06
260	9	7	31522	2016-05-13
261	17	5	41510	2015-03-19
262	18	8	33341	2016-05-02
263	3	3	37861	2015-07-14
264	9	8	42447	2016-05-22
265	7	4	48396	2017-10-07
266	20	8	86375	2017-01-21
267	17	2	28523	2015-01-28
268	21	3	48581	2015-11-17
269	20	4	75637	2016-08-21
270	16	4	87070	2017-02-03
271	20	3	28765	2016-11-26
272	5	8	36630	2015-01-26
273	11	7	71449	2015-10-25
274	15	3	98228	2017-05-08
275	12	3	75474	2017-01-25
276	12	7	52417	2015-05-28
277	3	4	52049	2017-03-10
278	18	2	95768	2016-10-12
279	4	6	87219	2016-01-28
280	11	7	91975	2016-03-14
281	1	1	30390	2017-09-04
282	5	7	50397	2016-10-03
283	2	2	39241	2016-03-18
284	12	5	69897	2017-08-02
285	3	1	60495	2017-04-08
286	9	2	69409	2015-08-28
287	12	3	29996	2015-05-18
288	19	5	14600	2017-04-11
289	2	1	52758	2017-12-07
290	4	7	56197	2017-10-22
291	10	2	10452	2016-05-22
292	20	1	49043	2016-05-12
293	7	7	72002	2016-07-22
294	21	3	64283	2015-12-01
295	20	6	82075	2017-09-26
296	6	5	25419	2015-10-30
297	15	4	51037	2015-09-04
298	18	2	55378	2016-02-17
299	14	2	52056	2015-09-10
300	19	6	68081	2016-07-02
301	20	8	58734	2016-09-24
302	10	6	22842	2015-08-08
303	21	6	16260	2017-05-20
304	6	3	18565	2015-07-21
305	16	7	19887	2017-06-27
306	13	5	35510	2017-09-03
307	8	3	38504	2016-11-17
308	17	7	16919	2016-07-25
309	8	5	55000	2017-04-28
310	9	5	79524	2016-02-23
311	11	6	69276	2016-01-14
312	16	5	30553	2016-04-27
313	5	6	38145	2017-06-25
314	4	1	73238	2016-07-05
315	13	3	27048	2015-07-28
316	13	4	85691	2015-04-11
317	18	4	78403	2015-03-09
318	19	1	96395	2015-12-02
319	1	3	70886	2017-07-23
320	10	8	25421	2015-07-11
321	10	8	23766	2017-02-06
322	2	6	10597	2017-05-29
323	11	3	50957	2017-12-12
324	9	4	12063	2016-09-02
325	7	8	56739	2017-10-19
326	18	4	12085	2016-06-26
327	12	1	85846	2015-02-01
328	12	7	67907	2015-04-11
329	17	1	67059	2016-11-16
330	21	6	24841	2015-12-22
331	4	6	91193	2017-11-04
332	2	6	29272	2015-01-03
333	18	5	25853	2015-03-02
334	19	3	25123	2016-03-04
335	1	7	85232	2017-08-11
336	15	4	69904	2015-07-23
337	12	5	93338	2015-12-28
338	6	7	68868	2015-04-06
339	21	7	80963	2016-02-09
340	4	7	13866	2016-01-18
341	13	3	18771	2015-03-24
342	9	3	54220	2017-12-28
343	19	7	25193	2015-09-05
344	11	3	79544	2015-04-24
345	10	5	97521	2016-02-27
346	13	2	30443	2017-03-27
347	11	1	17772	2016-07-30
348	3	3	95929	2015-03-09
349	6	7	39451	2016-10-30
350	14	3	86467	2015-03-16
351	19	3	92244	2016-12-11
352	8	5	14366	2015-06-13
353	18	1	73419	2016-04-11
354	12	4	42146	2017-05-30
355	16	4	95657	2015-05-24
356	7	4	99016	2016-08-05
357	7	6	67673	2015-12-08
358	19	1	73547	2015-12-21
359	16	8	38821	2017-10-14
360	20	4	27127	2015-01-29
361	13	8	27933	2017-09-25
362	13	7	63757	2017-05-03
363	7	7	63983	2017-11-26
364	12	2	57164	2016-10-28
365	18	3	34207	2015-05-04
366	19	7	72105	2016-12-05
367	13	6	35377	2015-06-15
368	8	7	72168	2017-09-18
369	1	7	48873	2015-11-02
370	21	8	38895	2015-07-30
371	14	8	14642	2015-04-03
372	18	4	82553	2015-10-27
373	2	6	12419	2016-08-22
374	13	5	93057	2016-06-20
375	5	5	52602	2017-04-18
376	17	7	84290	2016-09-19
377	16	7	78629	2017-11-19
378	20	6	64222	2017-11-17
379	16	3	48532	2015-03-16
380	15	2	55523	2016-01-17
381	16	7	13784	2015-09-30
382	10	6	60598	2016-01-19
383	3	4	47623	2016-10-26
384	7	8	98332	2017-04-21
385	5	8	63349	2016-01-03
386	21	6	78300	2016-03-04
387	20	4	52203	2017-08-30
388	11	1	93614	2017-05-02
389	18	5	26323	2017-04-04
390	13	7	51918	2015-10-24
391	18	4	68425	2015-03-12
392	14	6	92873	2017-11-12
393	15	3	38779	2016-01-14
394	18	4	51133	2016-01-29
395	21	8	25658	2015-06-06
396	1	7	52013	2017-03-16
397	7	1	61415	2017-01-26
398	17	1	42011	2017-11-21
399	11	8	88614	2016-12-01
400	10	2	39356	2017-06-30
401	16	5	19869	2015-06-05
402	1	6	92551	2016-08-06
403	1	7	70325	2017-09-01
404	4	6	52901	2015-07-22
405	7	2	96232	2017-03-18
406	13	2	96498	2016-01-20
407	11	4	88641	2016-08-07
408	13	2	54410	2017-10-19
409	18	8	32430	2015-03-20
410	11	5	58556	2015-12-19
411	6	1	59953	2015-12-03
412	8	3	47274	2016-03-01
413	20	1	82794	2016-03-06
414	8	7	12374	2016-09-15
415	21	8	98174	2015-07-08
416	20	6	88391	2017-04-21
417	20	8	96803	2016-01-18
418	14	2	59105	2015-01-11
419	7	8	97201	2015-06-30
420	10	5	77424	2017-07-30
421	4	1	38993	2016-11-24
422	3	2	16637	2017-03-19
423	13	6	74129	2015-05-06
424	18	4	97254	2017-02-02
425	18	2	89934	2015-04-07
426	10	6	21274	2015-02-10
427	16	6	61273	2016-02-03
428	7	4	66362	2017-06-01
429	11	6	51650	2015-03-05
430	20	4	12841	2015-11-25
431	12	7	35247	2017-12-30
432	3	8	13228	2016-09-24
433	17	6	47573	2016-12-29
434	10	4	70203	2017-09-25
435	7	8	37597	2015-10-11
436	20	4	64381	2016-03-04
437	2	5	72480	2016-01-13
438	13	7	85663	2016-09-25
439	12	8	25979	2017-12-12
440	3	2	97182	2015-02-07
441	6	2	36764	2015-01-02
442	2	7	60711	2015-03-06
443	11	2	38674	2015-07-27
444	1	8	28909	2016-01-04
445	18	7	50688	2016-08-22
446	13	4	79619	2015-01-02
447	9	4	73274	2015-05-04
448	12	1	86014	2017-06-27
449	2	8	18453	2015-03-30
450	16	3	44244	2017-07-11
451	10	4	65899	2015-12-25
452	8	2	35022	2017-09-11
453	20	3	76580	2015-01-29
454	6	6	37673	2017-09-14
455	17	8	62670	2016-11-17
456	8	2	65392	2015-12-14
457	2	3	25814	2016-06-13
458	16	7	13524	2015-08-14
459	8	5	60796	2015-11-20
460	4	7	33028	2017-04-30
461	1	8	64514	2015-01-06
462	15	8	74004	2015-11-12
463	21	6	44589	2016-11-29
464	1	8	93050	2017-11-26
465	6	1	24562	2017-10-20
466	5	4	88075	2015-01-25
467	12	1	50058	2015-04-26
468	6	5	62114	2016-05-28
469	10	3	19694	2015-12-01
470	5	7	64777	2015-12-16
471	3	6	16282	2017-11-25
472	1	1	68238	2015-01-06
473	3	2	37102	2016-12-12
474	16	7	42047	2015-11-28
475	2	5	95271	2016-04-10
476	19	8	49181	2015-05-26
477	4	2	62410	2015-06-28
478	1	7	34140	2017-08-16
479	3	8	56682	2016-02-01
480	5	5	17281	2016-04-26
481	10	4	25964	2017-10-02
482	11	1	24658	2016-12-27
483	18	3	38346	2016-10-21
484	7	5	12921	2016-09-06
485	18	7	65196	2015-08-27
486	14	2	16209	2016-09-08
487	18	3	97855	2016-12-07
488	9	5	39751	2016-12-02
489	17	5	47426	2017-02-03
490	1	8	82953	2017-12-05
491	1	3	68100	2016-05-13
492	21	7	39434	2015-08-17
493	9	7	57543	2015-09-28
494	15	6	21468	2017-12-09
495	1	3	62064	2015-01-10
496	7	1	98979	2015-09-01
497	14	7	42659	2016-01-21
498	18	1	60824	2015-03-18
499	12	4	14187	2016-11-16
500	11	2	71204	2016-09-16
501	13	4	62463	2015-11-30
502	16	5	83744	2016-07-02
503	9	3	79070	2015-02-14
504	21	5	19547	2015-09-07
505	21	2	91764	2016-02-29
506	10	6	68579	2017-06-30
507	6	5	54066	2017-09-01
508	1	5	46794	2017-10-09
509	13	6	13449	2016-02-21
510	18	1	96066	2015-04-12
511	19	1	72702	2017-08-26
512	4	2	49105	2017-11-15
513	12	4	79800	2015-12-15
514	4	7	55006	2017-09-22
515	7	8	96493	2016-06-14
516	14	8	65665	2017-05-04
517	16	6	80568	2017-09-06
518	19	6	55334	2017-09-11
519	14	5	95781	2015-05-10
520	9	1	13530	2015-09-07
521	20	3	57587	2016-09-18
522	9	2	53756	2015-10-11
523	5	1	30640	2015-11-21
524	11	8	35469	2015-01-18
525	5	7	54128	2016-11-04
526	3	5	37632	2017-02-17
527	6	2	54423	2017-01-24
528	21	1	26410	2017-06-03
529	6	7	91801	2015-06-16
530	21	1	91282	2017-03-30
531	11	8	34560	2017-10-30
532	12	7	46481	2015-02-19
533	5	2	89366	2015-03-29
534	10	1	16947	2016-05-08
535	4	5	64230	2016-08-15
536	18	7	61860	2016-07-12
537	12	2	89839	2015-05-20
538	16	5	99908	2015-06-17
539	8	2	51984	2016-10-15
540	2	1	72851	2015-09-24
541	18	1	58701	2015-08-21
542	4	1	50884	2016-04-24
543	8	8	80456	2016-03-23
544	1	3	85325	2016-10-06
545	8	7	64792	2017-09-09
546	20	4	58933	2015-04-18
547	2	1	73877	2017-10-17
548	18	8	92869	2017-11-15
549	8	8	91369	2015-05-02
550	3	1	39783	2016-08-02
551	21	8	70048	2015-08-07
552	8	4	25002	2015-08-29
553	12	7	73432	2016-06-06
554	3	7	44523	2015-11-05
555	4	6	12913	2015-06-27
556	6	1	44300	2015-08-13
557	10	6	93326	2017-01-20
558	16	7	26480	2016-07-03
559	15	8	94018	2016-01-02
560	17	7	56652	2015-07-20
561	6	2	99843	2017-02-03
562	21	3	56552	2017-07-29
563	19	5	93658	2016-03-08
564	17	1	50492	2016-12-02
565	7	5	62769	2017-10-24
566	13	1	11235	2017-04-21
567	13	8	96291	2015-08-20
568	2	5	92698	2016-03-15
569	20	4	54638	2017-11-22
570	11	4	18961	2016-01-13
571	12	5	70131	2016-12-20
572	2	2	18840	2016-08-10
573	16	7	47685	2017-07-20
574	1	6	89187	2017-03-30
575	19	8	20037	2016-07-14
576	12	6	60102	2016-01-13
577	19	5	29004	2016-10-12
578	4	4	45178	2015-09-12
579	7	1	32721	2016-04-25
580	21	4	10853	2015-10-06
581	2	7	82670	2016-10-05
582	6	3	90277	2015-06-17
583	14	4	16975	2015-12-25
584	1	1	97254	2015-12-05
585	5	4	98930	2015-07-01
586	2	8	73398	2017-12-31
587	3	5	81671	2016-02-05
588	15	8	50232	2017-07-11
589	1	2	25072	2017-04-02
590	4	8	74269	2016-06-06
591	2	6	19554	2016-12-17
592	20	7	27628	2016-12-19
593	7	6	29538	2017-05-12
594	1	6	30586	2016-11-11
595	11	7	46137	2017-03-13
596	16	5	90530	2017-01-10
597	2	1	90400	2017-10-31
598	12	2	52959	2017-10-28
599	3	4	67876	2017-03-02
600	5	1	83388	2016-06-05
601	3	7	54322	2017-01-30
602	11	7	73627	2016-06-09
603	7	2	82651	2015-01-28
604	1	3	12730	2016-05-09
605	13	3	33409	2015-11-09
606	2	2	59246	2016-05-05
607	20	2	38680	2017-09-30
608	10	5	96844	2016-01-12
609	21	7	56245	2015-04-23
610	21	4	15546	2017-12-19
611	13	3	46450	2015-08-28
612	21	6	58739	2015-09-04
613	18	8	37511	2017-09-10
614	13	8	34207	2016-03-23
615	17	6	32706	2015-03-18
616	1	4	62526	2015-06-08
617	2	6	35504	2017-03-21
618	12	4	37006	2015-07-08
619	19	8	17489	2015-10-25
620	9	2	93040	2017-09-18
621	5	6	31751	2016-05-04
622	3	2	68455	2015-10-18
623	1	7	66710	2017-02-12
624	13	3	16311	2016-01-11
625	3	7	66581	2015-02-28
626	7	2	62985	2016-11-25
627	6	8	31340	2016-11-17
628	10	5	45686	2017-05-19
629	1	2	34212	2017-09-06
630	14	7	49607	2016-08-22
631	16	4	77625	2016-04-12
632	2	5	77051	2017-04-11
633	2	8	42650	2016-12-24
634	6	3	12849	2015-05-29
635	4	1	12887	2015-09-24
636	19	4	44249	2015-06-14
637	8	5	61234	2015-07-12
638	13	7	68518	2017-11-01
639	7	2	28670	2015-05-10
640	4	2	17006	2015-12-29
641	18	6	80339	2016-10-27
642	3	7	91016	2015-09-16
643	3	4	26663	2017-03-11
644	5	6	76428	2016-05-11
645	7	1	60357	2017-08-15
646	15	8	52678	2017-10-22
647	14	5	56538	2015-04-19
648	21	1	22899	2015-03-26
649	14	2	56434	2017-11-08
650	14	6	16546	2017-12-29
651	3	1	61871	2015-06-07
652	6	1	73252	2017-10-02
653	10	6	44354	2015-02-24
654	9	1	22844	2016-07-27
655	5	3	97951	2015-12-03
656	18	8	47664	2017-09-29
657	2	7	99293	2015-10-24
658	2	2	93333	2017-03-10
659	12	7	56755	2017-12-12
660	16	3	50230	2017-02-07
661	9	4	19244	2016-06-18
662	4	7	84012	2017-04-15
663	3	7	97299	2015-12-03
664	20	3	51047	2015-05-08
665	4	4	39607	2015-07-12
666	14	1	93667	2016-10-08
667	16	4	68600	2016-07-17
668	13	2	78275	2017-02-11
669	18	8	41383	2017-01-24
670	1	6	18922	2016-11-02
671	21	7	52570	2016-09-26
672	3	5	58076	2015-08-11
673	18	4	79525	2015-11-22
674	18	5	53361	2015-09-10
675	17	6	97537	2015-04-11
676	15	8	74354	2017-07-14
677	8	1	36776	2015-01-31
678	6	6	67546	2017-05-27
679	9	8	84374	2016-10-17
680	17	3	97333	2016-09-21
681	17	7	80185	2017-10-25
682	5	4	89427	2015-11-16
683	8	5	24226	2017-05-09
684	14	6	77302	2015-09-29
685	3	5	58642	2017-09-01
686	9	3	81935	2016-05-21
687	12	1	27741	2016-12-27
688	21	5	34372	2016-09-07
689	3	1	15721	2017-04-13
690	2	7	39181	2015-10-18
691	2	4	88639	2015-05-06
692	13	1	35250	2016-01-26
693	7	6	36137	2017-12-05
694	16	3	85166	2016-12-29
695	3	3	87810	2017-07-18
696	14	7	17662	2016-09-17
697	17	1	87561	2017-06-06
698	8	3	89202	2015-08-31
699	21	6	87181	2016-01-02
700	11	5	78235	2016-11-17
701	19	7	96865	2016-10-01
702	8	2	86587	2016-11-16
703	15	3	10313	2017-09-24
704	19	1	93319	2016-11-24
705	7	1	77083	2016-09-03
706	19	5	88552	2017-09-20
707	10	4	50095	2015-02-04
708	2	1	57813	2015-06-14
709	13	8	85135	2017-07-03
710	4	7	22105	2017-09-07
711	11	7	34887	2016-09-05
712	2	3	85059	2017-03-12
713	5	1	54805	2016-04-02
714	12	5	18065	2017-09-23
715	3	8	28969	2017-02-19
716	11	8	92803	2016-03-19
717	8	4	39414	2016-04-09
718	18	3	68894	2016-09-25
719	9	1	67759	2015-05-07
720	14	3	63894	2016-03-24
721	10	2	32506	2016-05-31
722	12	5	24849	2017-12-24
723	18	7	20880	2016-10-27
724	11	4	34747	2016-02-19
725	17	6	89994	2017-05-03
726	17	5	76076	2015-08-13
727	6	4	78213	2017-08-14
728	18	6	93043	2016-06-10
729	10	5	27423	2015-06-03
730	2	5	19342	2017-02-15
731	20	8	44519	2016-09-20
732	12	4	23135	2016-07-01
733	5	1	50576	2016-03-15
734	8	7	89832	2015-02-24
735	20	5	89837	2016-11-05
736	17	7	60703	2015-06-17
737	20	2	20198	2017-07-05
738	5	5	71082	2017-03-11
739	3	2	37426	2016-12-08
740	18	8	37652	2017-10-19
741	6	4	17227	2015-02-17
742	17	5	78134	2015-09-19
743	1	1	26492	2016-07-27
744	18	4	87214	2016-09-23
745	16	1	67605	2017-04-12
746	1	1	38811	2015-02-06
747	11	7	66149	2017-09-26
748	18	4	25597	2016-01-05
749	9	4	75727	2017-04-16
750	9	6	48953	2016-03-27
751	18	7	59413	2017-12-25
752	2	1	36435	2017-09-29
753	2	1	59151	2017-02-25
754	12	1	84003	2017-09-11
755	5	3	62101	2016-07-05
756	18	3	87264	2015-09-15
757	2	2	91952	2017-01-22
758	2	7	69047	2016-06-23
759	17	6	18093	2015-11-26
760	3	4	18692	2015-07-09
761	18	3	39273	2015-10-22
762	18	6	96838	2016-12-14
763	19	4	11157	2017-12-21
764	5	4	72847	2016-02-24
765	6	1	55923	2015-08-05
766	7	6	52562	2015-01-26
767	3	7	93238	2017-07-11
768	3	7	18051	2016-05-06
769	12	7	12470	2015-06-01
770	9	6	62778	2015-05-11
771	2	7	74489	2015-01-23
772	3	3	53663	2016-08-01
773	4	3	39835	2017-08-02
774	13	5	86575	2015-07-05
775	12	8	38102	2015-05-01
776	19	5	99285	2015-10-07
777	19	4	83210	2016-03-18
778	13	5	88049	2016-10-08
779	17	6	18550	2016-05-24
780	10	4	89492	2017-11-16
781	8	6	35292	2015-03-25
782	15	4	82801	2015-11-01
783	13	6	66352	2017-01-28
784	9	2	67406	2016-11-10
785	10	4	85129	2016-06-06
786	17	4	15744	2016-03-11
787	7	7	22638	2016-06-11
788	21	2	98338	2017-08-17
789	19	3	85338	2016-10-08
790	9	2	95422	2017-04-28
791	5	8	68313	2015-04-24
792	12	6	40401	2017-05-29
793	5	2	45816	2015-05-14
794	15	5	88939	2017-04-16
795	8	4	37512	2015-12-11
796	3	8	83260	2015-05-06
797	14	8	12986	2016-07-27
798	9	5	41304	2016-07-05
799	18	3	41987	2016-04-29
800	7	4	44675	2015-04-24
801	21	2	96426	2015-01-21
802	19	1	86309	2017-07-07
803	21	7	96981	2016-04-13
804	14	5	88919	2016-05-20
805	19	6	55487	2015-01-28
806	9	3	60932	2015-03-30
807	10	4	89748	2015-11-30
808	7	8	86392	2016-12-31
809	18	4	34179	2017-06-05
810	1	7	70180	2016-04-20
811	1	7	99611	2016-11-17
812	14	1	84247	2015-04-28
813	6	7	27805	2017-08-31
814	14	8	38214	2016-09-15
815	11	2	98736	2016-03-22
816	10	2	29044	2016-09-07
817	11	8	90503	2015-10-05
818	11	6	44362	2016-11-20
819	20	3	67996	2015-07-07
820	7	4	12128	2016-06-03
821	8	1	40889	2016-01-10
822	16	8	23569	2015-11-01
823	18	3	42585	2015-03-01
824	3	4	37995	2016-11-30
825	10	6	47595	2017-07-31
826	13	6	79836	2015-03-08
827	5	1	39087	2015-04-13
828	12	7	41558	2016-10-28
829	7	4	64678	2015-06-13
830	9	8	85899	2015-09-05
831	21	5	30389	2016-11-12
832	1	8	72064	2016-01-14
833	16	8	42386	2017-08-07
834	2	6	25758	2016-04-05
835	5	3	45605	2017-03-07
836	4	5	15868	2017-03-21
837	11	2	16728	2017-08-26
838	11	3	72550	2015-11-01
839	8	6	12391	2015-08-17
840	2	4	25737	2016-04-09
841	6	7	53521	2016-12-26
842	15	4	61011	2017-08-12
843	2	3	95940	2016-05-12
844	18	2	55319	2016-07-17
845	6	5	84756	2015-10-25
846	1	2	76151	2017-10-29
847	13	8	37636	2017-01-06
848	8	5	11112	2016-05-12
849	16	8	73034	2015-02-05
850	18	5	78257	2017-04-12
851	1	2	64063	2015-04-23
852	19	3	98459	2017-07-02
853	12	4	89260	2016-03-01
854	2	6	51329	2015-03-24
855	14	3	89982	2016-05-27
856	15	2	76017	2015-06-20
857	6	3	14563	2015-07-14
858	16	4	83242	2016-10-21
859	7	2	35338	2016-08-29
860	13	8	83259	2015-10-17
861	9	5	57366	2017-10-26
862	2	1	10186	2015-09-16
863	6	4	65259	2017-09-04
864	10	8	93626	2015-01-06
865	9	7	69087	2015-04-06
866	7	7	36483	2015-05-22
867	8	8	73178	2017-05-05
868	19	7	18909	2016-10-15
869	18	5	74982	2015-06-02
870	8	1	48468	2017-07-05
871	15	5	46783	2016-01-10
872	20	5	84581	2016-10-18
873	8	6	83555	2016-06-18
874	5	5	67503	2017-07-13
875	2	3	75234	2017-09-01
876	8	1	15491	2016-04-20
877	11	5	44638	2016-06-03
878	19	7	37796	2017-07-13
879	3	2	14716	2017-03-31
880	12	1	93335	2017-08-16
881	12	1	42449	2015-10-02
882	16	4	16036	2016-07-01
883	17	3	92326	2015-01-17
884	17	6	76210	2016-09-30
885	4	5	52596	2017-03-17
886	3	4	54942	2017-06-13
887	18	4	40152	2016-06-27
888	15	6	67124	2016-04-20
889	11	5	93183	2017-06-16
890	16	5	97540	2016-05-09
891	6	1	28539	2015-05-10
892	7	7	59262	2015-06-20
893	19	5	17979	2017-01-22
894	11	5	72694	2015-11-08
895	14	8	67622	2017-10-16
896	9	7	72672	2015-10-19
897	14	4	35377	2015-04-03
898	10	8	53924	2017-10-06
899	14	6	88899	2016-12-01
900	21	6	19546	2015-01-21
901	7	7	93064	2017-10-08
902	18	3	72239	2015-09-08
903	15	5	92330	2016-06-15
904	17	1	90942	2017-01-25
905	6	1	24777	2017-11-24
906	11	6	96696	2017-01-06
907	21	5	40676	2016-10-24
908	5	8	64620	2017-03-01
909	2	7	55470	2017-09-03
910	3	4	53486	2017-01-25
911	6	4	79337	2015-03-02
912	21	4	41636	2015-01-22
913	12	5	79309	2015-08-18
914	15	2	27203	2015-07-20
915	13	6	65090	2015-02-13
916	9	1	30358	2015-05-31
917	10	7	37041	2015-01-23
918	5	5	75143	2017-06-13
919	18	6	98534	2016-04-18
920	14	1	33716	2017-05-21
921	19	7	79760	2016-08-25
922	21	6	84714	2015-04-18
923	16	4	37231	2017-06-13
924	16	4	21933	2016-12-28
925	10	6	45573	2017-08-17
926	13	1	12734	2015-02-01
927	8	1	66037	2015-04-22
928	14	5	68514	2016-07-18
929	14	8	96247	2017-12-20
930	18	1	61586	2015-11-24
931	14	6	80865	2015-03-10
932	13	8	34373	2015-06-06
933	8	3	70398	2016-04-08
934	7	3	27190	2016-11-13
935	19	3	67723	2016-08-17
936	17	4	90628	2016-01-28
937	7	1	52020	2017-08-26
938	20	1	11804	2017-01-29
939	11	7	40619	2016-04-09
940	6	7	53025	2016-01-24
941	7	7	10001	2017-01-26
942	6	7	64213	2016-03-04
943	12	2	83771	2015-01-06
944	3	5	12332	2017-12-15
945	6	6	98461	2016-10-04
946	1	8	29199	2016-07-05
947	17	5	28930	2015-05-01
948	10	1	37254	2015-04-23
949	16	8	28897	2015-10-08
950	1	4	51501	2016-05-10
951	9	2	82521	2015-01-06
952	1	8	54031	2017-04-17
953	21	3	64838	2017-05-11
954	5	3	25502	2017-11-25
955	12	3	19560	2016-02-02
956	10	5	11336	2016-08-20
957	14	8	22899	2017-07-17
958	12	6	32034	2016-08-16
959	13	3	50057	2015-04-05
960	15	7	48097	2016-03-30
961	21	4	93585	2016-11-25
962	13	5	18076	2017-03-10
963	9	8	65875	2017-02-13
964	4	7	89403	2017-01-14
965	19	7	99177	2016-12-04
966	15	7	96298	2015-11-22
967	16	1	86272	2015-03-10
968	14	8	16982	2015-11-16
969	14	4	75076	2015-05-02
970	3	5	95614	2015-08-29
971	19	7	99335	2017-02-28
972	18	1	23123	2016-03-11
973	10	4	54585	2015-12-29
974	13	8	57848	2016-08-14
975	17	4	18417	2016-04-11
976	13	4	62017	2016-03-27
977	21	3	16962	2016-07-23
978	2	8	51736	2015-10-25
979	3	5	62614	2015-10-15
980	5	1	33427	2016-02-01
981	18	4	75255	2015-05-30
982	1	2	32159	2017-06-02
983	19	3	26672	2016-09-20
984	16	2	80136	2017-02-13
985	14	2	92880	2015-01-04
986	15	4	65613	2017-02-28
987	7	5	86726	2015-01-09
988	8	1	33088	2016-05-25
989	8	6	99861	2015-05-12
990	20	1	91780	2015-11-15
991	17	3	41793	2016-11-19
992	17	4	76685	2015-12-23
993	8	7	90448	2016-03-11
994	12	7	47795	2015-06-20
995	16	3	83706	2016-12-08
996	15	5	69822	2017-04-09
997	14	8	88633	2017-01-07
998	15	2	52874	2017-02-17
999	12	7	44649	2016-08-07
1000	10	5	36165	2015-06-27
\.


--
-- Name: joc_joc_id_seq; Type: SEQUENCE SET; Schema: testdb; Owner: postgres
--

SELECT pg_catalog.setval('testdb.joc_joc_id_seq', 8, true);


--
-- Name: jugador_id_jugador_seq; Type: SEQUENCE SET; Schema: testdb; Owner: postgres
--

SELECT pg_catalog.setval('testdb.jugador_id_jugador_seq', 21, true);


--
-- Name: puntuacio_puntuacio_id_seq; Type: SEQUENCE SET; Schema: testdb; Owner: postgres
--

SELECT pg_catalog.setval('testdb.puntuacio_puntuacio_id_seq', 1000, true);


--
-- Name: joc idx_24588_primary; Type: CONSTRAINT; Schema: testdb; Owner: postgres
--

ALTER TABLE ONLY testdb.joc
    ADD CONSTRAINT idx_24588_primary PRIMARY KEY (id_joc);


--
-- Name: jugador idx_24594_primary; Type: CONSTRAINT; Schema: testdb; Owner: postgres
--

ALTER TABLE ONLY testdb.jugador
    ADD CONSTRAINT idx_24594_primary PRIMARY KEY (id_jugador);


--
-- Name: puntuacio idx_24600_primary; Type: CONSTRAINT; Schema: testdb; Owner: postgres
--

ALTER TABLE ONLY testdb.puntuacio
    ADD CONSTRAINT idx_24600_primary PRIMARY KEY (puntuacio_id);


--
-- Name: idx_24600_joc_idx; Type: INDEX; Schema: testdb; Owner: postgres
--

CREATE INDEX idx_24600_joc_idx ON testdb.puntuacio USING btree (joc_id);


--
-- Name: idx_24600_jugador_idx; Type: INDEX; Schema: testdb; Owner: postgres
--

CREATE INDEX idx_24600_jugador_idx ON testdb.puntuacio USING btree (jugador_id);


--
-- Name: puntuacio joc; Type: FK CONSTRAINT; Schema: testdb; Owner: postgres
--

ALTER TABLE ONLY testdb.puntuacio
    ADD CONSTRAINT joc FOREIGN KEY (joc_id) REFERENCES testdb.joc(id_joc);


--
-- Name: puntuacio jugador; Type: FK CONSTRAINT; Schema: testdb; Owner: postgres
--

ALTER TABLE ONLY testdb.puntuacio
    ADD CONSTRAINT jugador FOREIGN KEY (jugador_id) REFERENCES testdb.jugador(id_jugador);


--
-- PostgreSQL database dump complete
--

